name,age,city
pmusicka0,80,Néa Péramos
mbatalle1,85,El Aguacate
mlecky2,95,Jabal os Saraj
sobal3,84,Melissochóri
hstudart4,41,Padang
ttebbs5,23,Lixu
tnoraway6,31,Kaburon
pdiruggiero7,84,Boden
stuckerman8,24,Yangping
ffavill9,51,Póvoa
cmckinnaa,100,Karangtalun
rmannab,48,Geta
pbagnallc,85,Saatlı
fpedrozzid,66,Gaotang
fhesslee,78,Opatowiec
ewinterbornef,39,Zeerust
epurshouseg,26,Gabao
lliddelh,1,Frankfort
hpinni,94,Paninggaran
tsellarsj,49,Javalera
adeningtonk,35,Zhangcun
psmallwoodl,13,Lapachito
mivanishevm,15,Ananea
rcobbledn,38,Pinhão
jzamorao,11,Niihama
sphillimorep,23,Bangeran
rrobertetq,11,Skotoússa
tbrodheadr,22,Ekpoma
flelandes,37,Luboń
kbabstt,81,Uherce Mineralne
mmallabundu,80,Sungairaya
ybossomv,16,Tvøroyri
chawleyw,90,Fukuma
cpakesx,86,Ridder
nmaundy,71,Cergy-Pontoise
dpietroniz,69,Maykor
asweatland10,3,Ostrožac
pblazewicz11,48,Xiaoyi
mthowes12,77,Talanga
hskillings13,67,Jielong
mjefferson14,35,Tlogotunggal
aleasor15,64,Duraykīsh
glupson16,67,Almeria
afahy17,67,Bunigeulis
tmelly18,76,Hexi
melstub19,24,Zhenwen
druberry1a,18,Pukë
gmartygin1b,67,Quimbaya
lonele1c,32,Wuyang
blocarno1d,43,As Sūsah
abischop1e,59,Rakai
bpadmore1f,50,Biograd na Moru
wloreit1g,20,Thị Trấn Mỹ Lộc
mtrevance1h,33,Windsor
tferres1i,51,Il’ichëvo
jainscow1j,98,Noemuti
mspradbrow1k,7,Sîngerei
skonneke1l,24,Gubo
thardern1m,75,Fonte Boa dos Nabos
wdakhno1n,36,Revolucion Verde
grebanks1o,43,Milotice
hvannozzii1p,87,Atuntaqui
dpinnijar1q,65,Kukuna
gbroadbere1r,91,Brčko
bfones1s,41,Tabuk
rworsalls1t,9,Tanggungrejo
ghaycroft1u,25,Gorodishche
rbuzine1v,18,Qagan Obo
lpatriche1w,64,Kokofata
pespinas1x,52,Foxton
msmurfit1y,89,Kokofata
ashelley1z,91,Buea
helcombe20,70,Yangdang
eguite21,46,Xiaojiangba
wjeste22,39,Kota Kinabalu
rcabotto23,96,Hougong
tstarkey24,56,Ranisoba
dkiezler25,58,Lysekil
mmacpaike26,56,Cabudare
apollicott27,56,Khlong Luang
kgeater28,10,Ukrainka
blittleproud29,52,Dadong
rbucham2a,50,Paombong
lrarity2b,14,Kabacan
mgreen2c,75,Deqing
pmostin2d,13,Jojoima
rcurwen2e,30,Hushan
apender2f,76,Pasłęk
sorys2g,79,Maythalūn
rbrunel2h,19,Karis
wstroder2i,67,Selenicë
wmantrip2j,89,Złotniki Kujawskie
mege2k,60,Sawin
cjeacop2l,60,Ludza
eleyshon2m,52,Shuangnian
rskill2n,53,Puszczykowo
eocrigan2o,77,Suhong
fpietrzak2p,38,Gao’an
gbrouwer2q,96,Nizhnyaya Salda
ehobden2r,1,Walton
chamstead2s,10,Tajike’abati
rgrigoletti2t,100,Plasy
dsyme2u,56,Gadang
etebbutt2v,32,Bailai
sruddlesden2w,17,Águas Vermelhas
eballentime2x,35,Văn Điển
bandreou2y,61,Xiwanzi
rcockcroft2z,94,Trelleborg
tparade30,73,São Sebastião do Caí
hmizen31,1,Sapucaia
cbetonia32,13,Phoenix
jpepall33,78,San Antonio
asteuart34,50,Tuusula
efolks35,49,Xianzong
jkydde36,28,Oss
dchristy37,17,Keboncau
jcooney38,38,Latung
rparcell39,8,Monte Redondo
wgrayham3a,55,Graksop
dsummers3b,9,Piedrancha
chainning3c,6,Bastos
cduthie3d,83,Rychtal
mvinten3e,56,Orosh
scutress3f,31,Cambebba
tmorican3g,23,Shiniu
rpaffitt3h,74,Almaguer North
acarnier3i,8,Puyo
alofts3j,85,Moravče
smiddleweek3k,35,Guishan
abruty3l,45,Bolszewo
cfridd3m,86,Sinacaban
lblaw3n,38,Oslo
enewling3o,67,Monastyryshche
srowe3p,79,Stepanivka
mbolderson3q,80,Évreux
ipicardo3r,4,Hamilton
dcrickmoor3s,69,Mandalasari
bsetch3t,55,Al Maţarīyah
bmckeurtan3u,44,Cibitung
jwilds3v,85,Cigenca
cphilbrook3w,57,Conner
nminerdo3x,58,Sakrand
hwoolward3y,69,Dengzhou
maery3z,68,Malibong East
gnock40,37,Tajike’abati
bklimkiewich41,23,Xingyuan
klaming42,77,Nantian
kshorland43,18,Hetou
gmushett44,48,Saryg-Sep
kcolisbe45,18,Ojos de Agua
mjoubert46,46,Imari
wburghill47,31,Liebu
ltrematick48,21,Krasnovishersk
rburdus49,59,Xuedian
lthurlborn4a,38,Thepharak
fpeasegod4b,66,Mammari
sgiovanni4c,73,Malanje
wmacelroy4d,79,Balma
tkidstoun4e,16,Breia
rrojahn4f,6,Muramvya
heasman4g,9,Metulla
mchastenet4h,29,Marcara
aelsmor4i,89,Týnec
wchidler4j,89,Padaimut
mcoverley4k,62,Lebedyan’
gmundford4l,86,Kuanfatu
dneilly4m,68,Karawatung
rrhead4n,17,San Antonio
adimmer4o,29,Plomárion
cmartensen4p,34,Svetlyy
czink4q,65,Klonowa
fflaxon4r,33,Kotkot
kboecke4s,53,Ekerö
mkite4t,68,Yajiang
rbranford4u,40,Taiyang
hplait4v,62,Āq Qāyeh
bbennit4w,41,Jaguariaíva
ksiaskowski4x,90,Binkolo
dbrewins4y,21,Vozuća
ktregenza4z,74,Dukla
eziems50,54,Evansville
ctuerena51,38,Weixin
loherlihy52,42,Ciyu
lklassman53,56,Radzanów
mhurrion54,70,Timoulilt
agoracci55,26,Formosa
ablasoni56,35,Isla Verde
mbutton57,23,Ichihara
dwomack58,28,Budenovetc
mclethro59,85,Tarnogskiy Gorodok
nmackilroe5a,20,Kowingir
tbuddleigh5b,17,Kalijeruk
eivanin5c,30,Buenavista
gbroadhead5d,64,West End
omcqueen5e,55,Banes
jdalliwater5f,10,Xinxi
ywoosnam5g,29,Oibioin
acreeber5h,3,Kraśniczyn
omerrill5i,75,Krajan Kulon
atregensoe5j,33,Querecotillo
lgorsse5k,16,Sihe
acridge5l,64,Sandnes
ygilhooly5m,47,Kilkenny
ethomson5n,20,Sheshan
cfernando5o,4,Tinghir
dwetton5p,52,Keda
mflitcroft5q,56,Huajialing
ibonnor5r,10,Rakszawa
jmasson5s,19,Vykhino-Zhulebino
omenichi5t,73,Huyuan
lbartaletti5u,94,Varkaus
rmurtagh5v,12,Cravinhos
ktorry5w,38,Iqaluit
wgude5x,44,Barrio San Luis
cmacdearmont5y,67,Mendoza
brandlesome5z,9,Chunoyar
glorens60,70,Västerås
mcousin61,91,Itaboraí
drought62,83,Mugala
cskamal63,6,Tata
acollihole64,32,Izazi
dkeele65,32,Matou
cgoodwell66,20,Lyon
ctieraney67,40,Nazaré
pblowne68,21,Stockholm
llemm69,68,"Palmas De Gran Canaria, Las"
cstronach6a,92,Kota Kinabalu
fabendroth6b,53,Mrozy
cdavidi6c,42,Kireyevsk
sharse6d,34,Beilun
bliebermann6e,96,Mainit
jsmales6f,29,Chixi
bbeste6g,30,Salvacion
cnewens6h,67,Yuhuangding
ccuer6i,76,Chang’an
whammond6j,2,Marelesu
etaw6k,81,Limoges
hjeste6l,63,Jami
rgerbi6m,43,Fu’an
bmccandless6n,79,Big Bend
rborrows6o,54,Paungde
jmattersley6p,92,Banjar Cemenggon
cimpy6q,45,San Manuel Chaparrón
swrassell6r,93,Benito Juarez
fwestmancoat6s,56,Baoyang
slammert6t,4,Sam Khok
nmumbey6u,50,Circasia
pbendin6v,78,Campo Belo
fpeppett6w,55,Golubac
hraspin6x,28,Kołczygłowy
cburds6y,3,Hongsung
jscyone6z,81,Narail
mharrisson70,27,Bromma
emacian71,3,Soacha
dboleyn72,89,Troyan
etrodden73,96,Nong Phok
kmcettigen74,36,Chenggan
igoggins75,18,Tawau
vdeshorts76,88,Margita
trathe77,64,Iligan City
bspuffard78,30,Barayong
sdunbleton79,9,Durrës
wnaughton7a,99,Dīla
mdrover7b,26,Bohus
dwithams7c,33,Paucarbamba
eandersson7d,93,Orzu
ctemplman7e,66,Gongxi
dnecolds7f,9,Morteros
lchown7g,59,Askainen
plenoir7h,30,Villeurbanne
rhollyar7i,20,Camangcamang
ostandage7j,39,Waitun
edullard7k,94,Sydney
wstrotton7l,13,Guanxi
pmummery7m,9,Cachí
lmcnerlin7n,92,Bomadi
dpankhurst7o,36,Garahaji
hmuirden7p,78,Dubrovka
mrymill7q,26,Banjar Bongangede
ahixley7r,16,Saripin
ohabert7s,94,Dmitriyevskoye
pdoni7t,32,Ðà Lạt
rivanchenkov7u,44,Moneghetti
lboulder7v,31,Boncis
wnewnham7w,84,Yufa
jbramstom7x,65,Ubatuba
mlabes7y,96,Nazaré
besome7z,79,Cipadung
felderkin80,12,San Jose
kstott81,69,Ciparasi
kblamphin82,57,Araouane
wflewitt83,70,Muli
hduddan84,73,Paris 16
bstrain85,11,Chişinău
cmcgaughie86,94,San Gabriel
llamplough87,26,Lishui
aroot88,55,Cuauhtemoc
dpridding89,69,Calvaria de Baixo
pchristensen8a,18,Nakatsu
ddraayer8b,76,Šmarje pri Jelšah
ltole8c,12,Mibu
bballoch8d,70,Xiniu
agreschik8e,44,Orekhovo-Zuyevo
cmilsap8f,36,Samoš
bseniour8g,64,Henglin
lfridlington8h,77,Basen
cchatelet8i,86,Xiejia
larmitt8j,65,Awayan
kcharman8k,25,Horodnya
hautie8l,88,Lokokrangan
cshortell8m,30,Pudoc North
pdunbobin8n,88,Cárdenas
mgavigan8o,33,Baiqi
tberceros8p,97,Fushui
lberkely8q,65,Cambará
skynoch8r,97,Chengtou
jodoherty8s,83,Ramotswa
zbackes8t,64,Krahës
smcall8u,19,San Bernardino
lhickeringill8v,52,Gunung Talang
khutley8w,12,Zhenjiang
apennells8x,46,Kunduz
skasbye8y,73,Nikolayevsk
smilmo8z,12,Bankeryd
cmorffew90,74,Huanshan
bcoyle91,3,Tirana
wdurber92,13,Ballylinan
sbrevitt93,50,Ulsan
bholmyard94,5,Mthatha
mgull95,9,Bern
dfrango96,5,Matarraque
ttooley97,61,Topolovgrad
aparamore98,23,Wangjiachang
rvolant99,7,Pingshui
mtubridy9a,8,Linëvo
eoakwood9b,57,Langchuan
tkinzel9c,86,Jawf al Maqbābah
mchurcher9d,78,Washington
tdomokos9e,81,Trondheim
mskill9f,36,Emiliano Zapata
wgilhouley9g,60,Lucun
eklaesson9h,50,Gangsha
adutteridge9i,62,Palermo
bclapperton9j,21,Austin
esmithend9k,50,Asunción
tenrich9l,15,Lakinsk
ttraite9m,72,Mary
nfavell9n,25,Gouping
adecullip9o,28,Calibungan
etemlett9p,27,Fangshan
wscrivin9q,78,Żabia Wola
lroebottom9r,53,Brodek u Přerova
ecaush9s,78,Chaínça
gmines9t,89,Marmárion
szylbermann9u,48,La Paz
kpetrelli9v,23,Belén de Escobar
dbultitude9w,51,Stegna
awallbank9x,85,Foča
dkevern9y,7,El Tambo
imcaw9z,11,Clermont-Ferrand
jbalkea0,42,Xishan
gmcgivena1,82,Kananya
dvosta2,17,Cruzeiro
emaseyka3,11,Sidokumpul
rlebberna4,91,Baojia
vgrasona5,2,Mataloko
tkrysteka6,73,Kyra
adominicka7,60,Sainte-Anne-des-Monts
hlippatta8,52,El Corpus
mpadleya9,12,Vilar do Pinheiro
gbugleraa,2,Burlatskoye
rmclindenab,1,Askim
ncoppockac,21,Lappeenranta
tjanusad,9,Torrevieja
lstampsae,69,Chaumont
kwellwoodaf,70,Parnamirim
ksevernag,45,Zhangjiafang
emcgaugheyah,76,Novoselitsa
dduffynai,76,Guanchao
mwhiteleyaj,18,Boleszkowice
rwyeak,28,Pouzauges
fwoolisal,24,Amerta
gofihillieam,55,Kuryłówka
mdockeran,84,Nueva Esperanza
oferenczyao,41,Talabaan
gclemenceauap,49,Munjul
elammingaq,20,Stírion
mmcneishar,41,Damaturu
bwickenas,80,Fare
bglaisterat,9,Jonkowo
aortoau,71,Vingåker
dmorenoav,59,Puyuan
fspiritaw,42,Pita
mberendsax,38,Qingshan
feckleyay,11,Shichuan
jdomnickaz,38,Pardubice
byesinovb0,49,Miki
dnorcliffb1,78,Vilnius
eabbisonb2,90,Taquara
shammerb3,41,Quebrada de Arena
rroffeyb4,94,Tuojiang
switterickb5,22,Dowsk
rlowresb6,72,Manicaragua
halbuttb7,47,Ourinhos
dphuprateb8,38,Xiaozhang
jredgroveb9,42,Trondheim
kbarratba,50,Kastornoye
jwhaleybb,57,Dunaivtsi
cmaclucaisbc,92,Messina
dmorinbd,6,Comendador
sdunstanbe,19,Standerton
cheinshbf,35,Padangbai
bjaycockbg,5,Kuala Lumpur
ydemalcharbh,97,Praia das Maçãs
gkastelbi,33,Bordeaux
blebarrbj,8,Xinxing
ctimmensbk,61,Vilarelho
kwankbl,2,Uzlovaya
arevittbm,63,Kuching
vmcilherranbn,12,Adzopé
lceelybo,71,Damulog
tmcinteebp,63,Wielka Wieś
wlohdebq,87,Portumna
gfidgebr,15,Pécs
ptheobaldbs,28,Sujiatuo
lmenichellibt,44,Pantenan
abedderbu,25,Dek’emhāre
dmackibbonbv,41,Kaoshan
stwortbw,4,Wongaya Kaja
amuggeridgebx,93,Wufeng
awintleby,59,Hajeom
gcowlingbz,67,Hanbin
wszymanskic0,78,Napoles
rprobbingc1,4,Ferkessédougou
ssinkingsc2,61,Warugunung
tshenfischc3,69,Fantino
awyerc4,20,Pu’an
dclintonc5,36,Parzęczew
ashieberc6,64,Nangger
ohuguesc7,45,Andilamena
fsurmeyerc8,77,Mompós
cnestorc9,8,Loukhi
wlinfittca,83,Patong
cbayleycb,45,Gobernador Ingeniero Valentín Virasoro
arodgersoncc,20,Amparafaravola
bcrebocd,50,Batabanó
csnoddence,18,Skövde
ggertzcf,37,Ipoh
abuttoncg,9,Tečovice
dsislandch,93,Taishihe
pdefrancescoci,88,Sida
emoxomcj,5,Stockholm
twhitmanck,89,Inhambane
pdeningtoncl,32,Mýto
esynancm,82,Ladoeiro
oegleofgermanycn,59,Mozhaysk
klappingco,68,Frederiksberg
lcapewellcp,33,Orekhovo-Borisovo Severnoye
rimlincq,83,Xinbu
eloveguardcr,48,Churovichi
hpactatcs,52,Kyaka
gpriddyct,57,Chimboy Shahri
dgeorgesoncu,59,Molugan
avondracv,7,Jieznas
fbaffincw,43,Lagoa Seca
cporchcx,80,Shatian
spitkincy,47,Dangbigih
ltutsellcz,35,Haoping
dmaltmand0,41,Trollhättan
mburkmand1,27,Potiskum
jfriattd2,26,Kobe
sgligoracid3,17,Tomakivka
dwerlockd4,14,Karabas
zcashfordd5,86,Poncokusumo
kdriversd6,100,Sayang Lauq
vgainsfordd7,59,Shamboyacu
squembyd8,57,Liuji
hdanielisd9,28,Weizheng
cricholdda,31,Aksha
aastilldb,30,Danao
rbulmerdc,70,Shumikhinskiy
ksealovedd,57,Eindhoven
lworsterde,94,Oxapampa
rcastelotdf,44,Ko Si Chang
cpattingsondg,87,Zhongying
astevingsdh,1,Khayr Kōṯ
vgrzelczykdi,20,Bugembe
ffreeburydj,17,Mekarsari
awhiffdk,39,Tanjungagung
sstockhilldl,20,Międzybrodzie Bialskie
byellowleadm,10,Colombes
dmegroffdn,38,Kafr ad Dawwār
kfulepdo,98,Kampungraja
tclohissydp,74,Zaragoza
nlilywhitedq,39,Zhaogezhuang
lgierardidr,62,Sasolburg
cgappds,93,Huanglong
zstieblerdt,36,Hualin
lhaselhurstdu,78,Przytyk
cchoudhurydv,100,Canguaretama
nbyerdw,45,Trucuk
tshiersdx,73,Ostrožská Nová Ves
tbrachelldy,67,Tanjungbatu
eartusdz,33,Santo Tomás
twarne0,9,Piripiri
tfrancese1,84,Ongi
lbailese2,92,Keleng
maxelbye3,90,Blois
fclutterhame4,46,Sahagún
cmcgaugheye5,90,Barranqueras
cgutmane6,55,Asaka
astampee7,13,Chřibská
wferreroe8,88,Dongkeng
cschruyerse9,7,Bacolod
lmccurtinea,47,Karengan
ftesseymaneb,55,Ettelbruck
triccioppoec,72,Néa Ionía
pmcquiltyed,15,Colmar
uhansardee,57,Chamni
ailyinykhef,37,Namysłów
dbreckenridgeeg,96,Cottbus
mmilmoeh,86,Al Faḩāḩīl
dtookeyei,25,Cikulahan
clatekej,15,Purwosari
jlovelessek,43,Fatukanutu
mkingmanel,69,Nezlobnaya
thawkeyem,11,Thành Phố Bà Rịa
veykelen,54,Panevėžys
lbarretteo,16,Ciputat
hvanzonep,13,Ambelókipoi
hschrodereq,18,Didou
vcaineser,9,Yanghu
aolivellies,63,Emiliano Zapata
rgoodlettet,70,Makoko
caustickeu,86,Phú Khương
hhaithwaiteev,1,Nouakchott
mhakeworthew,27,Ciwidara
jatgerex,35,Empedrado
sthornleyey,22,Šilheřovice
fferreyez,99,Sīdī Sālim
evallentinf0,44,Orito
gcainf1,34,San Miguel
mbertf2,1,Gaula
unurcombef3,68,Priozërsk
rdrustf4,3,Sierra Imataca
msambellf5,17,Alderetes
mstroobantf6,63,Shamanka
oknucklesf7,25,Hoboksar
rnunnf8,83,Kumamoto
llarrief9,69,Saldanha
cbellochtfa,70,Mosquera
dcomettofb,100,Lisia Góra
oburminghamfc,100,Maninihon
nferriefd,45,Duntou
dessamefe,50,Concordia
cpoulstonff,21,Dhuusamarreeb
bjeunefg,80,San Bautista
ghalleyfh,54,Lajedo
acaveillfi,60,Grand Forks
curreyfj,83,Yongchuan
mbanckfk,25,São Jerônimo
groachefl,60,Storuman
caksellfm,59,Béziers
gbickmorefn,17,Guacara
fhaggishfo,48,San Diego
rtedmanfp,24,Sayaxché
wbartolomivisfq,31,Żabia Wola
jjeanneaufr,85,Sawahrandu
cbrigstockfs,18,Stockholm
kkhrishtafovichft,2,Primorsko
bkobafu,48,Vailoatai
pwillimontfv,69,Cihaladan
sdiamondfw,64,Songying
ehrinchishinfx,79,Rammūn
cboutellierfy,67,Toguchin
wravenfz,8,Longka
frameletg0,31,Palamadu
cbedberryg1,65,Babao
fdracog2,51,Speightstown
bduckhouseg3,13,Lakbok
jswing4,61,Bonneuil-sur-Marne
jpepperg5,33,Jagabaya Dua
fburchfieldg6,61,Alto do Estanqueiro
kaudibertg7,8,Sohag
lcheerg8,44,Chateaubelair
dgresteg9,52,Mascote
tzettlerga,42,Huangmu
aberchergb,31,Dinititi
cleelgc,48,Contraalmirante Cordero
ofearbygd,53,Donomulyo
eschulkinsge,76,Caluquembe
lfernangf,36,Habana del Este
smachongg,23,Luoxi
cnorthengh,75,Cariamanga
bwhisbygi,45,Zlatoust
kdobinggj,43,General Manuel J. Campos
apietranekgk,11,Santo Isidro
tkellertgl,48,Lanlongkou
fgertgm,3,Solnechnoye
sbotleygn,31,Zhangjiafang
vclemensgo,44,Buenavista
tspencersgp,21,Loakulu
fschwartzgq,20,Biała
mandreugr,15,Hrob
jflasbygs,22,Baracoa
chudlestongt,60,Huangtu
klindenboimgu,41,Obsza
nchrystalgv,43,Tubli
rcasonigw,68,Khānaqāh
bchucksgx,36,Toulouse
esurteesgy,1,Amarete
kbebbgz,72,Maloarkhangel’sk
mhrinishinh0,14,Gjinoc
ssollowayeh1,49,Daliu
dhatchetteh2,1,Babice
mdaubenyh3,46,Guomaying
lweaversh4,46,Heidelberg
atrowbridgeh5,52,Lage
dpeevorh6,87,Vũ Quang
ghairh7,22,Shixi
qhanshawh8,56,Nueva Arica
gpietruszkah9,71,Tempel
hphinha,81,Curibaya
yschreinerhb,61,Cerkvenjak
sareleshc,35,El Monte
mwiltshawhd,12,Victoria
llingnerhe,3,Rosario de Mora
pvaunhf,35,Laem Sing
astrikehg,22,Orlando
icashamhh,77,Sayama
lburfoothi,51,Nova Cruz
dsaggshj,6,Kambar
gbellayhk,42,Banjar Laing
pbuchetthl,7,Sindangheula
iberingerhm,37,Horní Libina
mmacdermidhn,42,Cimo de Vila
slynskeyho,95,Santa Cruz
mwaldronhp,88,Ollachea
rbryanthq,40,Nonghe
rmitchesonhr,33,Saint-Maurice
dthireauhs,93,Abū Ghaush
shandleyht,36,Buyende
disgatehu,54,Brzeszcze
dnewbigginghv,3,Västra Frölunda
mcurstonhw,80,Vila Velha
bshollhx,59,Oenaik
mgladechehy,2,Kedungbacin
mheindrickhz,2,Piraju
rmundyi0,71,Maulawin
seskelli1,26,Marevo
hpanchini2,45,Jiuxian
hpladeni3,75,Knjazevac
sjelletti4,30,Asahi
rheppenspalli5,49,Roa
fgregoni6,33,Sabang
fwaggitti7,91,Mekele
jsalteri8,6,Takaishi
crocki9,35,Jishi
acalteraia,9,Biñan
ceddyib,78,Penticton
ccruftsic,11,Ivoti
fvennerid,82,Longhua
liannettiie,56,Lojejerkrajan
egilsthorpeif,56,Linköping
cpennycordig,9,El Paso
diacovucciih,82,Macayug
fmcmonniesii,31,Sevlievo
jbridgeij,80,Tavricheskoye
zcolbeckik,30,Kazuno
dfowdenil,52,Mértola
adasparim,67,Damu
jcritchin,50,Novorossiysk
malanio,82,Achanizo
ccordelip,58,Caihua
trozeaiq,16,Cumanacoa
gseviourir,89,Guangping
mcroslandis,26,Huertas
kkynsonit,73,Batas Barat
rjacobsseniu,59,Itapetininga
rhannumiv,49,Wonorejo
rmckearneniw,65,Nejo
mallseppix,63,Haikou
vbinfieldiy,17,Tullich
tkuresiz,89,Chongkan
hknowlingj0,57,Brka
vivimeyj1,96,Stavropol’
rcorstonj2,44,Dembéni
abeesleyj3,56,Coxim
akirkbridej4,48,San Agustin
rmaccurlyej5,59,Malalag
dtindlej6,57,Ishurdi
mloadwickj7,49,Nanqiao
dblackneyj8,93,Leśna Podlaska
rshicklej9,96,Oepula
tpettja,33,Ourinhos
csexonjb,83,Deán Funes
jrewcasselljc,64,Llaillay
elinforthjd,36,Fudian
gsomersje,30,Tambov
rakesterjf,61,Algarrobo
awilcejg,81,Yunji
dstopherjh,8,Totora
cpreatorji,77,Azurva
amacavaddyjj,66,L'Île-Perrot
scantyjk,4,Litibakul
onorawayjl,100,Banjar Buahan
abotleyjm,53,Campo Belo
lreppjn,58,Galesong
glicquorishjo,50,Garko
nrhubottomjp,60,Chenguang
palyokhinjq,70,Mali Iđoš
sbowgenjr,55,Aş Şūrah aş Şaghīrah
adurbanjs,3,Maracás
scrossgrovejt,23,Kulykiv
abrickellju,3,Barberton
mdearanjv,35,Kimhae
vbringloejw,14,Bogorodsk
ssoanesjx,94,Senhor do Bonfim
adunstanjy,16,Makhalino
jvansaltsbergjz,1,Uijeongbu-si
thlavack0,100,Tucson
ilinsayk1,30,Arendal
rlippik2,67,Chepareria
jbradberryk3,59,Nikol’sk
hfallisk4,3,Ursynów
agummerk5,27,São Lourenço de Mamporcão
pstennardk6,79,Tostado
mstillmannk7,32,Kamru
gcalvardk8,40,Aguasay
fwhysallk9,63,Banyo
rbaalka,23,Kashar
ngrundlekb,14,La Palma
hstolbergerkc,96,Buriwutung
hgerikd,47,Muesanaik
twaithke,58,Wangqinzhuang
yborleykf,51,Hongyansi
gbartlettkg,99,Jäppilä
olaweekh,51,Lugang
pfallaweki,6,Dasongshu
estenerkj,41,Moratuwa
tdenchkk,55,Trindade
jfarrahkl,71,Pristina
cwoottonkm,38,Irtyshskiy
ssappsonkn,60,West End
cbraithwaiteko,10,Wuppertal
shatwellkp,3,Thul
rlambolkq,13,Tymbark
alampertkr,43,Jinta
gokinedyks,64,Lučko
aaldrickkt,16,Gawul
fjaxonku,33,Guebwiller
qfaltskogkv,87,Termas de Río Hondo
mgoldingkw,59,Wuxihe
gpenrethkx,100,Angkahgede
ateresseky,79,Zhalinghu
kwintonkz,21,Daxbet
limlochl0,85,Wasilków
bdufairel1,94,Daqiao
telfittl2,60,Pombal
tjewesl3,61,Lengshui
smadlel4,15,Kavýli
mminnettel5,90,Ban Huai Thalaeng
jalywinl6,14,Kyankwanzi
arosenthall7,12,Huzhen
hhucklesbyl8,5,El Refugio
kmacneilagel9,21,Huaxijie
lcallardla,50,Laojunpo
mcheesworthlb,70,Thị Trấn Văn Quan
ewallworthlc,64,Bol’shoy Kamen’
jlewsonld,100,Karangpari
kpetrakle,48,San Isidro
gpellattlf,79,Şafwá
njoontjeslg,100,Tagoloan
sflawslh,62,Nangalimang
fgroobyli,43,Punolu
anezeylj,25,Chipyela
qligerlk,35,Guadalupe
jholdinll,79,Taphan Hin
vgowlettlm,61,Aulnay-sous-Bois
mgreedln,88,Mionica
btuffinlo,91,Mekkaw
mcowlp,5,Cajamarca
iborzonelq,75,Rumphi
afullomlr,91,Ya‘bad
jiblels,53,Wulong
icesconlt,61,La Garenne-Colombes
tsaladinlu,24,Prachuap Khiri Khan
amaltlv,42,Merlo
smacnishlw,73,Pinheiro
rweldlx,79,Diaowei
rhanmerly,70,New Plymouth
wbalderylz,60,Taubaté
awrethamm0,43,Weligama
movillm1,29,Buenavista
ctaberm2,92,Dovhe
tkiram3,19,Berkovitsa
amantrippm4,87,Malabugas
gnoycem5,70,Rinbung
pjefferysm6,81,Pryyutivka
gmandrym7,58,Nalinggou
pbuxceym8,100,Bender
tskeldingm9,38,Bohumín
mdeminicoma,80,Wakuya
rbernhartmb,3,San Francisco
mhaskaynemc,68,Esperanza
cburnipmd,40,Wiesbaden
kellme,89,Kyzyl-Kyya
etrelevenmf,66,Battle Creek
rblonfieldmg,60,Tōkamachi
mgagesmh,9,Montes Velhos
alittlemi,65,Meilin
rgooddingmj,46,Neftegorsk
aferreiramk,39,Kombandaru
cgrobml,17,Arroyo Naranjo
tpringlemm,72,Oslo
jliberomn,76,Horodok
mkenwynmo,70,Massy
sburneymp,11,Stěžery
kcoveleymq,92,Obesi
drantoulmr,21,Gadzhiyevo
bmuggms,11,Buenos Aires
ugillingwatermt,94,Grand Rapids
sclarksonmu,69,Rio Grande
tpinockmv,82,Liuheng
bramelmw,43,Houping
sbuchananmx,52,Potet
gdewolfemy,4,San Diego
gpantrymz,25,Proástion
bcavillen0,52,Baiheshan
isivelln1,64,Mammari
ebrockien2,61,Capacmarca
saureliusn3,4,Jishi
anesbittn4,65,Sukawaris
biggaldenn5,59,Mégara
acartmeln6,64,Jawa
sfanshawen7,90,Iwo
bbrabendern8,100,Jiangchang
omcgeacheyn9,34,Alamar
krichingsna,72,Toki
estreetingnb,41,Manabo
dlynasnc,22,Tanbuqiao
cachesonnd,67,Oyama
mlindblomne,32,Aracruz
lshackellnf,30,Leitões
dpinkieng,84,Porto Velho
braulstonnh,4,Al Manşūrah
sgittingsni,47,Liberta
dshalesnj,99,Cincinnati
sdummernk,52,Chichigalpa
hjecksnl,58,‘Awaj
bpantonenm,82,Babakantonggoh
jfrodsamnn,96,Périgueux
cgobelno,1,Bajiao
acartwrightnp,3,Valenciennes
fspyernq,63,Cabanas
mmehaffeynr,33,Sampaloc
npetrukns,62,Xiangying
hstrangewaysnt,87,Beloha
sgalgeynu,22,Yuexi
lwoolwardnv,75,Pho Duc
jkittonw,70,Zhongwei
acasbonnx,81,Denver
nsaullny,9,Nancheng
wlonglandsnz,56,Quezon City
edoogo0,98,Ayapel
hfosho1,32,Hoxtolgay
ngloyenso2,11,Temyasovo
iledgleyo3,86,Waitun
lmcureo4,45,Bacacay
lkerslakeo5,76,Shuangxi
mtoplino6,75,Cotaparaco
atineo7,94,Bromma
bosgoodo8,45,Fosses
nmulqueenyo9,31,San Francisco
acauldfieldoa,9,Itapevi
gbreckonob,87,Xinyi
mmchaleoc,49,Laiponda
smeraliod,85,Gesik
mlillimanoe,100,Barra do Bugres
dwarburtonof,39,Jiucaizhuang
tfraczekog,85,Shangcheng Chengguanzhen
tmcsperronoh,39,Nancy
kandrickoi,17,Kremidivka
dudenoj,50,Sadar
jbraidonok,17,Harembo
mbouchardol,72,Opechenskiy Posad
slanbertoniom,96,Siayan
xwhitlamon,79,Chojna
ccaseloo,48,Korczew
wodwyerop,28,Cheb
hnaperoq,15,Caen
jbiagionior,97,Mayisad
dprozesckyos,71,Kawangu
bsheriffot,84,Jiachuan
rcastroou,1,Sarbīsheh
fkatzmannov,74,Gaocheng
jbacopow,66,Kutacane
jtitfordox,37,Yono
sfrancoisoy,36,Santa Rosa
rpaddieoz,9,Fonadhoo
mcelesp0,2,Krajan Caluk
cillistonp1,51,Shangdian
gniblettp2,21,Hashtgerd
bpettingerp3,77,Ash Shajarah
mpostlesp4,65,Tigarunggu
sdallewaterp5,54,Ngurenrejo
bturmelp6,41,Myrnyy
ohansmannp7,24,Kondangrege
lbrimnerp8,73,Chernivtsi
lriefp9,65,Solčava
mmcalisterpa,24,Arapongas
jmarkospb,79,Tovarkovskiy
wmcnallypc,68,Buga
gtranpd,73,Douba
cisaqpe,4,Jiangkou
vswyersexeypf,98,Toyonaka
bcampepg,53,Watthana Nakhon
lkellertph,54,Suwaluh
gcockaynepi,69,Takai
ahadleypj,80,Choma
tborleacepk,25,Noveleta
msorropl,34,Masaran
mraltonpm,99,Pura
tonionspn,84,Dongfu
scoucherpo,73,Luoting
lrylstonepp,3,Madīnat Sittah Uktūbar
rmillardpq,49,Lalauigan
ahappertpr,39,Zaolin
brylandsps,24,Geghanist
rklishinpt,38,Kwali
jodowlingpu,20,Xuling
ppropperspv,18,Pasirbitung
ebestallpw,80,Pasirputih
droukepx,20,Prang Ku
vscaifepy,64,Yujiao
bfranchipz,68,Ḩarīb
rtrevallionq0,45,Capinzal
tubanksq1,6,Tuoshi
zandrelliq2,82,Pelópion
rwillcockq3,52,Gislaved
dbroseq4,56,Las Carreras
hrawq5,85,Jabłonowo Pomorskie
areedsq6,26,Plumbangan
asnowdonq7,12,Rayside-Balfour
ahalwardq8,20,Lam Plai Mat
lpavlitschekq9,73,Liangshan
tallattqa,95,Yachimata
asimonssonqb,24,Leloboko
jbedenhamqc,3,Iwai
gaultonqd,15,Cimo de Vila
dsimonnetqe,59,Solec Nad Wisłą
dlereqf,24,Lakhdenpokh’ya
dsannesqg,18,Araripina
etakleqh,90,Yajiang
lrosenscheinqi,15,Sokolovyy
odoneldqj,6,Fengcheng
ebeacroftqk,77,Stará Huť
ajodlkowskiql,13,Duli
astegelqm,5,Sidu
ldyetqn,6,Bojongsarung
aliebqo,87,Pagak Kulon
mtregidgaqp,11,Smedjebacken
wmacgilpatrickqq,2,Rancabolang
ppauleqr,93,Stare Miasto
hvigneqs,14,Vantaa
cuddenqt,35,København
bcastelletqu,18,Moss
rspirrittqv,65,Santiago de Cuba
dklossmannqw,71,Yu’erhong
gratterqx,69,Beregovoy
bkilshallqy,22,Banhā
mcornwallqz,31,Ağdam
fskaidr0,10,Carreira
tdissmanr1,22,Pontarlier
jmumr2,64,Santa Cruz do Sul
mbroyr3,35,Ganting
dforanr4,42,Lanipao
dcairnsr5,19,Dar es Salaam
gsaenzr6,84,Agiásos
ijoanaudr7,94,Mar’’ina Horka
ccorlettr8,56,Pristina
jerikr9,64,Shuangjie
htellenbrokra,63,Mapalad
unoorerb,27,Puerres
jrecordsrc,52,Sevlievo
gwidocksrd,96,Batobato
hmenegore,68,Huangbu
lthornsrf,4,Cabugao
anattrg,36,Opechenskiy Posad
clippiettrh,46,Semirara
fbendittri,100,Quanling
llushrj,88,Beni Khiar
ppotburyrk,83,Arrifes
aniserl,24,Chernelytsya
gvallentinerm,21,Ulyanovsk
mraitrn,49,Novyy Svit
fdennerleyro,95,Jamaica
bpedraccirp,61,Port Erin
jcowanrq,64,Bojen Kulon
mbristerrr,6,Bataiporã
